StartDate,EndDate,Status,IPAddress,Progress,Duration (in seconds),Finished,RecordedDate,ResponseId,RecipientLastName,RecipientFirstName,RecipientEmail,ExternalReference,LocationLatitude,LocationLongitude,DistributionChannel,UserLanguage,Q27_First Click,Q27_Last Click,Q27_Page Submit,Q27_Click Count,Q1.1,Q29_First Click,Q29_Last Click,Q29_Page Submit,Q29_Click Count,Q2.1_NPS_GROUP,Q2.1,Q2.2_NPS_GROUP,Q2.2,Q2.3_NPS_GROUP,Q2.3,Q2.4_NPS_GROUP,Q2.4,Q30_First Click,Q30_Last Click,Q30_Page Submit,Q30_Click Count,Q3.1_NPS_GROUP,Q3.1,Q3.2_NPS_GROUP,Q3.2,Q3.3_NPS_GROUP,Q3.3,Q3.4_NPS_GROUP,Q3.4,Q31_First Click,Q31_Last Click,Q31_Page Submit,Q31_Click Count,Q4.1_NPS_GROUP,Q4.1,Q4.2_NPS_GROUP,Q4.2,Q4.3_NPS_GROUP,Q4.3,Q4.4_NPS_GROUP,Q4.4,Q32_First Click,Q32_Last Click,Q32_Page Submit,Q32_Click Count,Q5.1_NPS_GROUP,Q5.1,Q5.2_NPS_GROUP,Q5.2,Q5.3_NPS_GROUP,Q5.3,Q5.4_NPS_GROUP,Q5.4,Q6.1,Q6.2,Q6.3,Q6.3_12_TEXT,Q6.4,Q7.1,Q7.2,Q7.2_5_TEXT,Q7.3,Q7.3_5_TEXT,Q7.4,Q7.5,Q7.5_2_TEXT
Start Date,End Date,Response Type,IP Address,Progress,Duration (in seconds),Finished,Recorded Date,Response ID,Recipient Last Name,Recipient First Name,Recipient Email,External Data Reference,Location Latitude,Location Longitude,Distribution Channel,User Language,Timing - First Click,Timing - Last Click,Timing - Page Submit,Timing - Click Count,"When viewing advertisements, are you more likely to notice content related to game downloads or product sales advertisements?",Timing - First Click,Timing - Last Click,Timing - Page Submit,Timing - Click Count,"The following describes a typical SNS (Social Networking Service) page layout where advertisements appear between two SNS posts, resembling regular SNS content but with an external link. Would you be inclined to stay on this page to view the advertisements? - Group","The following describes a typical SNS (Social Networking Service) page layout where advertisements appear between two SNS posts, resembling regular SNS content but with an external link. Would you be inclined to stay on this page to view the advertisements?","Due to this social media platform's restrictions, comments and likes on others' SNS posts are only visible to mutual friends. A similar restriction applies to advertisement posts: you can like or comment on the ads and interact with friends. Would you be willing to like these ads or interact with them alongside your friends? - Group","Due to this social media platform's restrictions, comments and likes on others' SNS posts are only visible to mutual friends. A similar restriction applies to advertisement posts: you can like or comment on the ads and interact with friends. Would you be willing to like these ads or interact with them alongside your friends?","Assuming the advertisement is somewhat interesting to you, would you be willing to click on the external link to learn more details? - Group","Assuming the advertisement is somewhat interesting to you, would you be willing to click on the external link to learn more details?","Assuming the advertisement is somewhat interesting to you, would you be willing to download this game? - Group","Assuming the advertisement is somewhat interesting to you, would you be willing to download this game?",Timing - First Click,Timing - Last Click,Timing - Page Submit,Timing - Click Count,"The following describes a typical SNS (Social Networking Service) page layout where advertisements appear between two SNS posts, resembling regular SNS content but with an external link. Would you be inclined to stay on this page to view the advertisements? - Group","The following describes a typical SNS (Social Networking Service) page layout where advertisements appear between two SNS posts, resembling regular SNS content but with an external link. Would you be inclined to stay on this page to view the advertisements?","Due to this social media platform's restrictions, comments and likes on others' SNS posts are only visible to mutual friends. A similar restriction applies to advertisement posts: you can like or comment on the ads and interact with friends. Would you be willing to like these ads or interact with them alongside your friends? - Group","Due to this social media platform's restrictions, comments and likes on others' SNS posts are only visible to mutual friends. A similar restriction applies to advertisement posts: you can like or comment on the ads and interact with friends. Would you be willing to like these ads or interact with them alongside your friends?","Assuming the advertisement is somewhat interesting to you, would you be willing to click on the external link to learn more details? - Group","Assuming the advertisement is somewhat interesting to you, would you be willing to click on the external link to learn more details?","Assuming the advertisement is somewhat interesting to you, would you be willing to download this game? - Group","Assuming the advertisement is somewhat interesting to you, would you be willing to download this game?",Timing - First Click,Timing - Last Click,Timing - Page Submit,Timing - Click Count,"The following describes a typical SNS (Social Networking Service) page layout where advertisements appear between two SNS posts, resembling regular SNS content but with an external link. Would you be inclined to stay on this page to view the advertisements? - Group","The following describes a typical SNS (Social Networking Service) page layout where advertisements appear between two SNS posts, resembling regular SNS content but with an external link. Would you be inclined to stay on this page to view the advertisements?","Due to this social media platform's restrictions, comments and likes on others' SNS posts are only visible to mutual friends. A similar restriction applies to advertisement posts: you can like or comment on the ads and interact with friends. Would you be willing to like these ads or interact with them alongside your friends? - Group","Due to this social media platform's restrictions, comments and likes on others' SNS posts are only visible to mutual friends. A similar restriction applies to advertisement posts: you can like or comment on the ads and interact with friends. Would you be willing to like these ads or interact with them alongside your friends?","Assuming the advertisement is somewhat interesting to you, would you be willing to click on the external link to learn more details? - Group","Assuming the advertisement is somewhat interesting to you, would you be willing to click on the external link to learn more details?","Assuming the advertisement is somewhat interesting to you, would you be willing to purchase a product advertised? - Group","Assuming the advertisement is somewhat interesting to you, would you be willing to purchase a product advertised?",Timing - First Click,Timing - Last Click,Timing - Page Submit,Timing - Click Count,"The following describes a typical SNS (Social Networking Service) page layout where advertisements appear between two SNS posts, resembling regular SNS content but with an external link. Would you be inclined to stay on this page to view the advertisements? - Group","The following describes a typical SNS (Social Networking Service) page layout where advertisements appear between two SNS posts, resembling regular SNS content but with an external link. Would you be inclined to stay on this page to view the advertisements?","Due to this social media platform's restrictions, comments and likes on others' SNS posts are only visible to mutual friends. A similar restriction applies to advertisement posts: you can like or comment on the ads and interact with friends. Would you be willing to like these ads or interact with them alongside your friends? - Group","Due to this social media platform's restrictions, comments and likes on others' SNS posts are only visible to mutual friends. A similar restriction applies to advertisement posts: you can like or comment on the ads and interact with friends. Would you be willing to like these ads or interact with them alongside your friends?","Assuming the advertisement is somewhat interesting to you, would you be willing to click on the external link to learn more details? - Group","Assuming the advertisement is somewhat interesting to you, would you be willing to click on the external link to learn more details?","Assuming the advertisement is somewhat interesting to you, would you be willing to purchase a product advertised? - Group","Assuming the advertisement is somewhat interesting to you, would you be willing to purchase a product advertised?",Do you habitually use social media platforms in your daily routine?,Approximately how many hours do you spend on social media platforms in a typical week?,What are your most frequently used social media platforms? (Select up to four) - Selected Choice,What are your most frequently used social media platforms? (Select up to four) - Other (please specify) - Text,"When using social media platforms, have you noticed advertisements?",What is your age?,What is your gender? - Selected Choice,What is your gender? - Other (please specify) - Text,What is your current status? - Selected Choice,What is your current status? - Other (please specify) - Text,Do you currently have a stable disposable income?,What is your geographical location? - Selected Choice,What is your geographical location? - Non-US (please specify the country) - Text
"{""ImportId"":""startDate"",""timeZone"":""America/New_York""}","{""ImportId"":""endDate"",""timeZone"":""America/New_York""}","{""ImportId"":""status""}","{""ImportId"":""ipAddress""}","{""ImportId"":""progress""}","{""ImportId"":""duration""}","{""ImportId"":""finished""}","{""ImportId"":""recordedDate"",""timeZone"":""America/New_York""}","{""ImportId"":""_recordId""}","{""ImportId"":""recipientLastName""}","{""ImportId"":""recipientFirstName""}","{""ImportId"":""recipientEmail""}","{""ImportId"":""externalDataReference""}","{""ImportId"":""locationLatitude""}","{""ImportId"":""locationLongitude""}","{""ImportId"":""distributionChannel""}","{""ImportId"":""userLanguage""}","{""ImportId"":""QID30_FIRST_CLICK""}","{""ImportId"":""QID30_LAST_CLICK""}","{""ImportId"":""QID30_PAGE_SUBMIT""}","{""ImportId"":""QID30_CLICK_COUNT""}","{""ImportId"":""QID1""}","{""ImportId"":""QID32_FIRST_CLICK""}","{""ImportId"":""QID32_LAST_CLICK""}","{""ImportId"":""QID32_PAGE_SUBMIT""}","{""ImportId"":""QID32_CLICK_COUNT""}","{""ImportId"":""QID5_NPS_GROUP""}","{""ImportId"":""QID5""}","{""ImportId"":""QID6_NPS_GROUP""}","{""ImportId"":""QID6""}","{""ImportId"":""QID8_NPS_GROUP""}","{""ImportId"":""QID8""}","{""ImportId"":""QID7_NPS_GROUP""}","{""ImportId"":""QID7""}","{""ImportId"":""QID33_FIRST_CLICK""}","{""ImportId"":""QID33_LAST_CLICK""}","{""ImportId"":""QID33_PAGE_SUBMIT""}","{""ImportId"":""QID33_CLICK_COUNT""}","{""ImportId"":""QID22_NPS_GROUP""}","{""ImportId"":""QID22""}","{""ImportId"":""QID23_NPS_GROUP""}","{""ImportId"":""QID23""}","{""ImportId"":""QID24_NPS_GROUP""}","{""ImportId"":""QID24""}","{""ImportId"":""QID25_NPS_GROUP""}","{""ImportId"":""QID25""}","{""ImportId"":""QID34_FIRST_CLICK""}","{""ImportId"":""QID34_LAST_CLICK""}","{""ImportId"":""QID34_PAGE_SUBMIT""}","{""ImportId"":""QID34_CLICK_COUNT""}","{""ImportId"":""QID9_NPS_GROUP""}","{""ImportId"":""QID9""}","{""ImportId"":""QID10_NPS_GROUP""}","{""ImportId"":""QID10""}","{""ImportId"":""QID11_NPS_GROUP""}","{""ImportId"":""QID11""}","{""ImportId"":""QID12_NPS_GROUP""}","{""ImportId"":""QID12""}","{""ImportId"":""QID35_FIRST_CLICK""}","{""ImportId"":""QID35_LAST_CLICK""}","{""ImportId"":""QID35_PAGE_SUBMIT""}","{""ImportId"":""QID35_CLICK_COUNT""}","{""ImportId"":""QID26_NPS_GROUP""}","{""ImportId"":""QID26""}","{""ImportId"":""QID27_NPS_GROUP""}","{""ImportId"":""QID27""}","{""ImportId"":""QID28_NPS_GROUP""}","{""ImportId"":""QID28""}","{""ImportId"":""QID29_NPS_GROUP""}","{""ImportId"":""QID29""}","{""ImportId"":""QID13""}","{""ImportId"":""QID14""}","{""ImportId"":""QID15""}","{""ImportId"":""QID15_12_TEXT""}","{""ImportId"":""QID16""}","{""ImportId"":""QID17""}","{""ImportId"":""QID18""}","{""ImportId"":""QID18_5_TEXT""}","{""ImportId"":""QID19""}","{""ImportId"":""QID19_5_TEXT""}","{""ImportId"":""QID20""}","{""ImportId"":""QID21""}","{""ImportId"":""QID21_2_TEXT""}"
2024-02-17 21:43:34,2024-02-17 21:44:11,Survey Preview,,100,36,TRUE,2024-02-17 21:44:12,R_5r67MzGnaZDu2AA,,,,,40.473,-79.9537,preview,ZH-S,,,,,Game,,,,,,,,,,,,,,,,,,,,,,,,,,,,,,,,,,,,,,,,,,,,,,,,,Regularly throughout the day,More than 20 hours,"Pinterest,Reddit,YouTube,FediUniverse(eg.Mastodon, Misskey)",,,,,,,,,,
2024-02-17 22:07:31,2024-02-17 22:08:51,Survey Preview,,100,80,TRUE,2024-02-17 22:08:53,R_1sDY62Jnq4vdnxv,,,,,40.473,-79.9537,preview,EN,,,,,Game,,,,,Passive,8,Promoter,9,Detractor,4,Passive,7,,,,,Detractor,5,Detractor,6,Passive,8,Detractor,3,,,,,,,,,,,,,,,,,,,,,,,,,Rarely or never,,,,,Under 18,Other (please specify),å°±ä¸Šäº¤æ‰‹æœºä¸Šäº¤,Student (full-time/part-time),,Less than $500,US,
2024-02-18 00:40:59,2024-02-18 00:41:49,Survey Preview,,100,49,TRUE,2024-02-18 00:41:50,R_3halUqBgsJjzgnn,,,,,40.473,-79.9537,preview,EN,0.684,0.684,1.545,1,Game,1.311,5.247,5.909,5,Detractor,3,Detractor,5,Passive,7,Detractor,1,,,,,,,,,,,,,,,,,,,,,,,,,,,,,,,,,,,,,Regularly throughout the day,5 to 10 hours,"Snapchat,TikTok",,I have noticed advertisements but typically ignore them.,18-24,Female,,Student (full-time/part-time),,Less than $500,US,
2024-02-20 08:30:00,2024-02-20 09:07:54,IP Address,71.112.217.136,100,2273,TRUE,2024-02-20 09:07:54,R_5ubma0KZ1LSGAcp,,,,,40.473,-79.9537,anonymous,EN,94.396,109.021,109.862,7,Product,,,,,,,,,,,,,,,,,,,,,,,,,,,,,,,,,,,,,3.67,2103.549,2104.199,6,Passive,8,Promoter,10,Promoter,9,Promoter,9,Regularly throughout the day,More than 20 hours,"Instagram,Twitter,LinkedIn,WhatsApp",,"I have noticed advertisements and actively engaged with them (clicked on ads, made purchases, etc.).",25-34,Male,,Working (full-time/part-time),,"More than $5,000",US,
2024-02-20 10:37:29,2024-02-20 10:39:29,IP Address,173.75.15.134,100,120,TRUE,2024-02-20 10:39:30,R_6X6Y1vtLABXanbY,,,,,40.4324,-79.9247,anonymous,EN,16.743,16.743,17.693,1,Neither,,,,,,,,,,,,,13.897,34.841,36.054,7,Detractor,3,Detractor,3,Detractor,4,Detractor,5,,,,,,,,,,,,,,,,,,,,,,,,,Regularly throughout the day,5 to 10 hours,"Instagram,LinkedIn,WhatsApp",,I have noticed advertisements but only glanced at them without engaging.,18-24,Female,,Student (full-time/part-time),,Prefer not to say,US,
2024-02-20 11:15:20,2024-02-20 11:17:09,IP Address,75.32.13.57,100,108,TRUE,2024-02-20 11:17:09,R_6OVgDmoEpWiGMIw,,,,,32.961,-96.9841,anonymous,EN,11.607,11.607,12.591,1,Neither,16.627,42.803,44.275,7,Detractor,0,Detractor,0,Detractor,2,Detractor,1,,,,,,,,,,,,,,,,,,,,,,,,,,,,,,,,,,,,,Regularly throughout the day,Less than 5 hours,"Twitter,Reddit,WhatsApp",,I have noticed advertisements but typically ignore them.,25-34,Male,,Student (full-time/part-time),,Prefer not to say,US,
2024-02-20 11:50:30,2024-02-20 11:55:24,IP Address,173.75.1.182,100,293,TRUE,2024-02-20 11:55:25,R_6SubE0Pr9QXq8Ql,,,,,40.4324,-79.9247,anonymous,EN,261.835,262.951,263.724,2,Game,0.879,7.311,7.926,9,Passive,8,Passive,7,Detractor,6,Passive,7,,,,,,,,,,,,,,,,,,,,,,,,,,,,,,,,,,,,,Once or twice daily,5 to 10 hours,"YouTube,WhatsApp",,I have noticed advertisements but typically ignore them.,18-24,Female,,Student (full-time/part-time),,Less than $500,US,
2024-02-20 12:09:45,2024-02-20 12:11:36,IP Address,128.237.82.4,100,111,TRUE,2024-02-20 12:11:37,R_6IHoJJsZmrTjTRd,,,,,40.4442,-79.9557,anonymous,EN,10.853,13.763,14.396,4,Neither,,,,,,,,,,,,,,,,,,,,,,,,,11.122,32.425,33.074,12,Detractor,2,Detractor,6,Detractor,6,Detractor,6,,,,,,,,,,,,,Regularly throughout the day,5 to 10 hours,"Snapchat,TikTok,Reddit,YouTube",,I have noticed advertisements but only glanced at them without engaging.,18-24,Female,,Student (full-time/part-time),,Prefer not to say,US,
2024-02-20 12:14:35,2024-02-20 12:16:50,IP Address,76.125.201.200,100,135,TRUE,2024-02-20 12:16:51,R_6tnSdi0Raj1hf9x,,,,,40.4442,-79.9557,anonymous,EN,15.616,15.616,16.634,1,Product,,,,,,,,,,,,,,,,,,,,,,,,,25.296,55.61,57.134,4,Detractor,7,Detractor,0,Detractor,6,Detractor,5,,,,,,,,,,,,,Once or twice daily,5 to 10 hours,"Instagram,LinkedIn,Reddit,YouTube",,"I have noticed advertisements and actively engaged with them (clicked on ads, made purchases, etc.).",25-34,Female,,Student (full-time/part-time),,"$500 to $1,000",US,
2024-02-20 13:17:11,2024-02-20 13:18:24,IP Address,128.237.82.9,100,73,TRUE,2024-02-20 13:18:25,R_1qsuchnhHNngE9v,,,,,40.4442,-79.9557,anonymous,EN,7.667,7.667,13.301,1,Neither,,,,,,,,,,,,,,,,,,,,,,,,,8.69,13.975,14.911,4,Detractor,0,Detractor,0,Detractor,0,Detractor,0,,,,,,,,,,,,,Once or twice daily,11 to 20 hours,"LinkedIn,WhatsApp",,I have noticed advertisements but only glanced at them without engaging.,25-34,Female,,Student (full-time/part-time),,Less than $500,Non-US (please specify the country),China
2024-02-20 14:30:58,2024-02-20 14:33:21,IP Address,128.237.82.6,100,142,TRUE,2024-02-20 14:33:21,R_6gcDHNQlO54AkGy,,,,,40.4442,-79.9557,anonymous,EN,12.04,12.04,12.855,1,Product,,,,,,,,,,,,,,,,,,,,,,,,,,,,,,,,,,,,,39.105,74.309,75.272,8,Detractor,0,Detractor,0,Detractor,2,Detractor,0,Regularly throughout the day,11 to 20 hours,Instagram,,I have noticed advertisements but only glanced at them without engaging.,18-24,Female,,Student (full-time/part-time),,Prefer not to say,US,
2024-02-20 14:58:09,2024-02-20 15:01:59,IP Address,128.237.82.2,100,229,TRUE,2024-02-20 15:02:00,R_7Z2m19fzGq9DXPz,,,,,40.4442,-79.9557,anonymous,EN,11.827,11.827,12.731,1,Both,43.379,60.852,61.808,4,Detractor,5,Detractor,3,Detractor,5,Detractor,4,,,,,,,,,,,,,,,,,,,,,,,,,,,,,,,,,,,,,Regularly throughout the day,11 to 20 hours,"Instagram,LinkedIn,YouTube,WhatsApp",,I have noticed advertisements but only glanced at them without engaging.,18-24,Female,,Student (full-time/part-time),,Less than $500,US,
2024-02-20 14:59:08,2024-02-20 15:03:47,IP Address,74.109.240.243,100,279,TRUE,2024-02-20 15:03:48,R_7BupJZDGrA1Xjbj,,,,,40.4725,-79.9109,anonymous,EN,12.035,12.035,12.745,1,Neither,,,,,,,,,,,,,,,,,,,,,,,,,197.042,216.157,217.022,4,Detractor,1,Detractor,0,Passive,7,Detractor,4,,,,,,,,,,,,,Once or twice daily,5 to 10 hours,"Instagram,YouTube",,I have noticed advertisements but only glanced at them without engaging.,18-24,Female,,Student (full-time/part-time),,"$1,001 to $2,000",US,
2024-02-20 14:45:51,2024-02-20 15:27:40,IP Address,98.236.13.98,100,2509,TRUE,2024-02-20 15:27:41,R_1bzplQBRpVotjsR,,,,,40.4325,-79.863,anonymous,EN,2311.39,2311.39,2312.217,1,Product,,,,,,,,,,,,,,,,,,,,,,,,,99.26,126.367,128.234,8,Detractor,6,Detractor,6,Detractor,6,Detractor,5,,,,,,,,,,,,,Regularly throughout the day,5 to 10 hours,"Facebook,Instagram,LinkedIn,YouTube",,I have noticed advertisements but only glanced at them without engaging.,25-34,Female,,Student (full-time/part-time),,Prefer not to say,US,
2024-02-20 15:45:52,2024-02-20 15:46:37,IP Address,128.237.82.2,100,44,TRUE,2024-02-20 15:46:38,R_62CHDGazDznC99f,,,,,40.4442,-79.9557,anonymous,EN,3.106,11.978,12.4,14,Neither,,,,,,,,,,,,,,,,,,,,,,,,,5.011,9.604,10.642,9,Detractor,3,Detractor,3,Detractor,6,Detractor,6,,,,,,,,,,,,,A few times a week,Less than 5 hours,Snapchat,,I have noticed advertisements but only glanced at them without engaging.,18-24,Male,,Student (full-time/part-time),,Prefer not to say,US,
2024-02-20 16:10:17,2024-02-20 16:14:31,IP Address,71.182.176.52,100,254,TRUE,2024-02-20 16:14:32,R_51mmPT7gRquweod,,,,,40.473,-79.9537,anonymous,EN,11.532,14.58,15.184,3,Product,,,,,,,,,,,,,,,,,,,,,,,,,,,,,,,,,,,,,62.344,176.225,176.915,7,Detractor,0,Promoter,10,Promoter,10,Passive,7,Regularly throughout the day,5 to 10 hours,"Instagram,LinkedIn,TikTok,YouTube",,I have noticed advertisements but only glanced at them without engaging.,18-24,Female,,Student (full-time/part-time),,"More than $5,000",US,
2024-02-20 17:18:53,2024-02-20 17:22:30,IP Address,128.237.82.12,100,216,TRUE,2024-02-20 17:22:31,R_5aRcIcmZVzomQkK,,,,,40.4442,-79.9557,anonymous,EN,32.84,34.323,35.055,2,Both,,,,,,,,,,,,,,,,,,,,,,,,,63.736,121.72,122.879,6,Detractor,3,Detractor,1,Passive,7,Detractor,4,,,,,,,,,,,,,Regularly throughout the day,11 to 20 hours,"Instagram,Twitter,LinkedIn,YouTube",,I have noticed advertisements but only glanced at them without engaging.,25-34,Male,,Student (full-time/part-time),,Less than $500,US,
2024-02-20 19:08:23,2024-02-20 19:10:29,IP Address,71.199.100.129,100,125,TRUE,2024-02-20 19:10:29,R_30vf2hBHoQKL8FJ,,,,,40.4056,-80.1853,anonymous,EN,69.996,69.996,70.94,1,Both,,,,,,,,,,,,,1.636,4.634,5.672,5,Passive,8,Detractor,6,Detractor,5,Detractor,6,,,,,,,,,,,,,,,,,,,,,,,,,A few times a week,5 to 10 hours,"Instagram,LinkedIn,YouTube,WhatsApp",,I have noticed advertisements but typically ignore them.,18-24,Female,,Student (full-time/part-time),,"$500 to $1,000",US,
2024-02-20 20:11:49,2024-02-20 20:14:02,IP Address,128.237.82.4,100,133,TRUE,2024-02-20 20:14:03,R_3Y8e8EcIeyccbrH,,,,,40.4442,-79.9557,anonymous,EN,11.37,17.737,18.233,4,Neither,,,,,,,,,,,,,,,,,,,,,,,,,,,,,,,,,,,,,11.694,15.977,18.554,5,Detractor,0,Detractor,0,Detractor,0,Detractor,0,Regularly throughout the day,11 to 20 hours,"Instagram,Twitter,LinkedIn,Other (please specify)",Wechat,I have noticed advertisements but typically ignore them.,18-24,Male,,Student (full-time/part-time),,Prefer not to say,US,
2024-02-20 20:19:52,2024-02-20 20:21:07,IP Address,72.77.26.95,100,74,TRUE,2024-02-20 20:21:08,R_1rUvn81CO6ASFO6,,,,,40.4725,-79.9109,anonymous,EN,8.74,8.74,10.01,1,Product,,,,,,,,,,,,,,,,,,,,,,,,,,,,,,,,,,,,,1.926,6.619,7.293,5,Detractor,5,Detractor,5,Detractor,5,Detractor,5,Once or twice daily,5 to 10 hours,"Instagram,Twitter,TikTok,YouTube",,I have noticed advertisements but typically ignore them.,25-34,Male,,Student (full-time/part-time),,Prefer not to say,US,
2024-02-20 20:43:58,2024-02-20 20:45:17,IP Address,76.120.151.225,100,78,TRUE,2024-02-20 20:45:17,R_1sW7JkY1zl9zilb,,,,,40.4325,-79.863,anonymous,EN,8.988,8.988,9.883,1,Game,,,,,,,,,,,,,10,25.966,26.561,5,Detractor,0,Detractor,0,Detractor,6,Promoter,10,,,,,,,,,,,,,,,,,,,,,,,,,Regularly throughout the day,11 to 20 hours,"Facebook,Instagram,YouTube",,I have noticed advertisements but only glanced at them without engaging.,18-24,Female,,Student (full-time/part-time),,Prefer not to say,US,
2024-02-20 22:15:41,2024-02-20 22:16:50,IP Address,73.174.16.160,100,69,TRUE,2024-02-20 22:16:51,R_1q1p5Iw7pLlDQF5,,,,,40.4236,-79.9825,anonymous,EN,10.196,10.196,11.706,1,Neither,,,,,,,,,,,,,,,,,,,,,,,,,10.491,23.986,24.928,5,Detractor,1,Detractor,0,Detractor,0,Detractor,0,,,,,,,,,,,,,Once or twice daily,Less than 5 hours,"Instagram,Twitter",,I have noticed advertisements but only glanced at them without engaging.,18-24,Male,,Student (full-time/part-time),,Less than $500,US,
2024-02-20 17:41:33,2024-02-20 23:01:29,IP Address,52.124.41.233,100,19195,TRUE,2024-02-20 23:01:29,R_1uPq7HhKnUpschm,,,,,40.4442,-79.9557,anonymous,EN,15068.256,15070.202,15071.137,2,Both,,,,,,,,,,,,,,,,,,,,,,,,,23.62,56.927,57.593,10,Detractor,3,Detractor,1,Detractor,6,Detractor,3,,,,,,,,,,,,,Regularly throughout the day,11 to 20 hours,"Instagram,Other (please specify)",WeChat,I have noticed advertisements but typically ignore them.,18-24,Male,,Student (full-time/part-time),,Prefer not to say,US,
2024-02-21 08:30:35,2024-02-21 08:34:21,IP Address,98.236.219.8,100,226,TRUE,2024-02-21 08:34:22,R_6GwgOUMlHClSdwz,,,,,40.4965,-80.206,anonymous,EN,80.401,81.096,81.446,2,Product,,,,,,,,,,,,,,,,,,,,,,,,,17.201,36.518,37.548,4,Detractor,3,Detractor,1,Passive,7,Detractor,5,,,,,,,,,,,,,Regularly throughout the day,More than 20 hours,"TikTok,Reddit,YouTube,Other (please specify)",Wechat,I have noticed advertisements but typically ignore them.,18-24,Female,,Student (full-time/part-time),,Prefer not to say,Non-US (please specify the country),China
2024-02-21 10:34:55,2024-02-21 10:38:27,IP Address,71.195.73.92,100,211,TRUE,2024-02-21 10:38:28,R_6TRVPUbVFMU7nl7,,,,,40.4056,-80.1853,anonymous,EN,42.483,42.483,44.65,1,Neither,,,,,,,,,,,,,,,,,,,,,,,,,,,,,,,,,,,,,38.59,96.26,97.615,5,Detractor,0,Detractor,0,Passive,8,Passive,7,Rarely or never,,,,,25-34,Female,,Student (full-time/part-time),,Prefer not to say,US,
2024-02-21 10:48:06,2024-02-21 10:54:57,IP Address,128.2.149.230,100,410,TRUE,2024-02-21 10:54:57,R_59vAbwoy3SBsxLH,,,,,40.4442,-79.9557,anonymous,EN,23.808,23.808,25.339,1,Neither,,,,,,,,,,,,,,,,,,,,,,,,,,,,,,,,,,,,,30.595,332.685,333.88,6,Detractor,0,Detractor,0,Detractor,5,Detractor,4,Regularly throughout the day,5 to 10 hours,"Instagram,LinkedIn,Reddit,YouTube",,I have noticed advertisements but only glanced at them without engaging.,18-24,Female,,Student (full-time/part-time),,"$500 to $1,000",US,
2024-02-21 13:35:04,2024-02-21 13:37:33,IP Address,73.174.124.107,100,148,TRUE,2024-02-21 13:37:33,R_1Pc1l3aAojCWmxB,,,,,40.4324,-79.9247,anonymous,EN,8.888,8.888,10.452,1,Product,,,,,,,,,,,,,,,,,,,,,,,,,,,,,,,,,,,,,28.746,57.034,59.11,4,Detractor,4,Detractor,4,Passive,7,Detractor,5,Regularly throughout the day,Less than 5 hours,"Instagram,LinkedIn,YouTube,WhatsApp",,I have noticed advertisements but only glanced at them without engaging.,25-34,Female,,Student (full-time/part-time),,Less than $500,US,
2024-02-21 15:49:19,2024-02-21 15:51:08,IP Address,128.237.82.11,100,108,TRUE,2024-02-21 15:51:08,R_7cnnvCCwVVRpEds,,,,,40.4442,-79.9557,anonymous,EN,12.095,18.461,19.373,3,Product,,,,,,,,,,,,,,,,,,,,,,,,,8.603,36.02,37.012,9,Detractor,3,Detractor,4,Detractor,3,Detractor,2,,,,,,,,,,,,,Regularly throughout the day,5 to 10 hours,"Instagram,TikTok",,I have noticed advertisements but typically ignore them.,18-24,Female,,Student (full-time/part-time),,Less than $500,Non-US (please specify the country),
2024-02-21 15:51:39,2024-02-21 15:55:17,IP Address,128.237.82.7,100,217,TRUE,2024-02-21 15:55:17,R_6HefKNmXGySpsLu,,,,,40.4442,-79.9557,anonymous,EN,42.164,42.164,43.251,1,Product,,,,,,,,,,,,,,,,,,,,,,,,,,,,,,,,,,,,,49.664,118.014,118.969,5,Detractor,4,Detractor,6,Passive,7,Detractor,4,Once or twice daily,11 to 20 hours,"Instagram,LinkedIn,Snapchat,WhatsApp",,"I have noticed advertisements and actively engaged with them (clicked on ads, made purchases, etc.).",18-24,Female,,Student (full-time/part-time),,Less than $500,US,
2024-02-21 15:55:05,2024-02-21 15:57:02,IP Address,128.237.82.14,100,117,TRUE,2024-02-21 15:57:02,R_7HuJyttOAduiIMu,,,,,40.4442,-79.9557,anonymous,EN,11.372,21.665,22.902,4,Neither,,,,,,,,,,,,,9.172,36.356,37.231,6,Detractor,1,Detractor,1,Passive,8,Passive,8,,,,,,,,,,,,,,,,,,,,,,,,,Regularly throughout the day,11 to 20 hours,"Instagram,TikTok,YouTube,WhatsApp",,I have noticed advertisements but typically ignore them.,18-24,Female,,Student (full-time/part-time),,Less than $500,US,
2024-02-21 16:03:43,2024-02-21 16:05:49,IP Address,128.237.82.12,100,126,TRUE,2024-02-21 16:05:50,R_50OYZc56bDhyTXx,,,,,40.4442,-79.9557,anonymous,EN,15.783,15.783,17.067,1,Product,,,,,,,,,,,,,,,,,,,,,,,,,,,,,,,,,,,,,22.721,46.604,47.464,7,Detractor,2,Detractor,0,Detractor,5,Detractor,3,Once or twice daily,Less than 5 hours,Other (please specify),Douban,I have noticed advertisements but typically ignore them.,25-34,Female,,Student (full-time/part-time),,Less than $500,US,
2024-02-21 16:18:44,2024-02-21 16:19:41,IP Address,71.182.186.213,100,57,TRUE,2024-02-21 16:19:41,R_5wtdgRPpEANxB52,,,,,40.4488,-79.9951,anonymous,EN,1.946,5.123,5.979,5,Product,,,,,,,,,,,,,,,,,,,,,,,,,1.861,9.394,10.386,7,Passive,8,Detractor,6,Detractor,4,Passive,8,,,,,,,,,,,,,A few times a week,5 to 10 hours,Instagram,,I have noticed advertisements but only glanced at them without engaging.,18-24,Male,,Student (full-time/part-time),,Prefer not to say,US,
2024-02-21 16:27:31,2024-02-21 16:30:20,IP Address,128.237.82.7,100,168,TRUE,2024-02-21 16:30:20,R_3WI6xCRJw0a6BLf,,,,,40.4442,-79.9557,anonymous,EN,6.514,47.042,48,8,Product,,,,,,,,,,,,,,,,,,,,,,,,,52.817,68.305,69.826,4,Detractor,5,Detractor,5,Detractor,6,Detractor,6,,,,,,,,,,,,,Regularly throughout the day,11 to 20 hours,"TikTok,YouTube,WhatsApp",,I have noticed advertisements but only glanced at them without engaging.,18-24,Female,,Student (full-time/part-time),,Less than $500,US,
2024-02-21 18:31:00,2024-02-21 18:33:15,IP Address,131.111.5.182,100,134,TRUE,2024-02-21 18:33:15,R_4djeGQ3NKkQ8nEU,,,,,52.2087,0.0986,anonymous,EN,24.528,28.768,29.56,3,Game,,,,,,,,,,,,,0.033,27.441,27.939,14,Detractor,2,Detractor,5,Detractor,6,Detractor,5,,,,,,,,,,,,,,,,,,,,,,,,,Regularly throughout the day,11 to 20 hours,"Instagram,Twitter,FediUniverse(eg.Mastodon, Misskey),Other (please specify)",Weibo,I have noticed advertisements but only glanced at them without engaging.,18-24,Female,,Student (full-time/part-time),,"$1,001 to $2,000",Non-US (please specify the country),UK
2024-02-21 18:35:07,2024-02-21 18:37:19,IP Address,80.115.244.99,100,132,TRUE,2024-02-21 18:37:20,R_40wau7beziubY3G,,,,,53.2141,6.5541,anonymous,EN,8.491,8.491,9.666,1,Game,,,,,,,,,,,,,2.751,43.823,44.377,14,Detractor,0,Detractor,0,Detractor,3,Detractor,5,,,,,,,,,,,,,,,,,,,,,,,,,Regularly throughout the day,More than 20 hours,"FediUniverse(eg.Mastodon, Misskey)",,I have noticed advertisements but typically ignore them.,18-24,Female,,Student (full-time/part-time),,Less than $500,Non-US (please specify the country),Netherlands
2024-02-21 19:20:34,2024-02-21 19:23:32,IP Address,73.214.193.211,100,177,TRUE,2024-02-21 19:23:32,R_60HQM2AAgnlbMhg,,,,,40.4562,-79.8163,anonymous,EN,20.99,20.99,21.895,1,Both,,,,,,,,,,,,,,,,,,,,,,,,,1.281,72.349,73.262,20,Passive,7,Passive,8,Passive,7,Passive,7,,,,,,,,,,,,,Regularly throughout the day,More than 20 hours,"Instagram,TikTok,WhatsApp",,I have noticed advertisements but only glanced at them without engaging.,18-24,Female,,Student (full-time/part-time),,"$2,001 to $3,000",Non-US (please specify the country),
2024-02-21 20:55:40,2024-02-21 20:59:59,IP Address,128.237.82.11,100,258,TRUE,2024-02-21 21:00:00,R_7HBMTj4muwyBxoF,,,,,40.4442,-79.9557,anonymous,EN,6.877,17.294,19.064,3,Game,24.334,56.026,57.132,8,Detractor,7,Detractor,1,Passive,7,Passive,7,,,,,,,,,,,,,,,,,,,,,,,,,,,,,,,,,,,,,Regularly throughout the day,More than 20 hours,TikTok,,"I have noticed advertisements and actively engaged with them (clicked on ads, made purchases, etc.).",25-34,Male,,Student (full-time/part-time),,Less than $500,Non-US (please specify the country),china
2024-02-21 22:29:39,2024-02-21 22:35:39,IP Address,74.111.100.23,100,359,TRUE,2024-02-21 22:35:40,R_70rISYWPJYRqPcd,,,,,40.4324,-79.9247,anonymous,EN,11.717,11.717,13.747,1,Product,,,,,,,,,,,,,,,,,,,,,,,,,,,,,,,,,,,,,18.486,162.737,163.571,7,Detractor,1,Detractor,1,Detractor,3,Detractor,3,Regularly throughout the day,Less than 5 hours,"YouTube,Other (please specify)",weibo,I have noticed advertisements but typically ignore them.,25-34,Female,,Student (full-time/part-time),,"More than $5,000",US,
2024-02-21 23:26:58,2024-02-21 23:29:03,IP Address,74.111.97.243,100,125,TRUE,2024-02-21 23:29:03,R_3QYHFo8TBrvIeMk,,,,,40.4324,-79.9247,anonymous,EN,10.53,10.53,15.173,1,Product,,,,,,,,,,,,,,,,,,,,,,,,,,,,,,,,,,,,,30.947,53.47,54.29,5,Detractor,0,Detractor,0,Detractor,5,Detractor,6,Once or twice daily,Less than 5 hours,"Instagram,LinkedIn,Reddit,YouTube",,I have noticed advertisements but only glanced at them without engaging.,25-34,Female,,Student (full-time/part-time),,Less than $500,US,
2024-02-21 23:31:12,2024-02-21 23:32:51,IP Address,71.60.117.109,100,98,TRUE,2024-02-21 23:32:52,R_6CjCVbXMbgCRagi,,,,,40.4324,-79.9247,anonymous,EN,15.715,15.715,16.545,1,Neither,12.208,32.616,33.601,6,Detractor,0,Detractor,0,Detractor,0,Detractor,0,,,,,,,,,,,,,,,,,,,,,,,,,,,,,,,,,,,,,Regularly throughout the day,5 to 10 hours,"Instagram,Snapchat,TikTok,WhatsApp",,I have noticed advertisements but typically ignore them.,18-24,Female,,Student (full-time/part-time),,Prefer not to say,US,
2024-02-22 00:40:33,2024-02-22 00:44:42,IP Address,98.236.218.30,100,249,TRUE,2024-02-22 00:44:43,R_5oHNRLPFNNy31Rx,,,,,40.4965,-80.206,anonymous,EN,4.074,7.016,24.426,5,Game,16.297,69.881,70.988,9,Detractor,2,Detractor,1,Passive,7,Passive,8,,,,,,,,,,,,,,,,,,,,,,,,,,,,,,,,,,,,,Once or twice daily,5 to 10 hours,"YouTube,Other (please specify)",Bilibili,I have noticed advertisements but typically ignore them.,18-24,Female,,Student (full-time/part-time),,Prefer not to say,US,
2024-02-22 02:27:47,2024-02-22 02:32:43,IP Address,180.98.4.118,100,295,TRUE,2024-02-22 02:32:43,R_3M3YJVf6ncLwkrB,,,,,32.0589,118.7738,anonymous,EN,12.814,17.126,35.132,2,Game,,,,,,,,,,,,,10.137,85.02,86.992,22,Detractor,2,Passive,7,Passive,7,Passive,7,,,,,,,,,,,,,,,,,,,,,,,,,Regularly throughout the day,11 to 20 hours,Other (please specify),wechat,I have noticed advertisements but only glanced at them without engaging.,18-24,Female,,Student (full-time/part-time),,"$500 to $1,000",Non-US (please specify the country),China
2024-02-22 11:20:13,2024-02-22 11:43:50,IP Address,128.237.82.10,100,1417,TRUE,2024-02-22 11:43:51,R_5MtgS4Xmg3XNvqa,,,,,40.4442,-79.9557,anonymous,EN,1317.021,1317.954,1319.118,2,Neither,,,,,,,,,,,,,,,,,,,,,,,,,19.916,29.707,30.946,5,Detractor,3,Detractor,5,Detractor,5,Detractor,5,,,,,,,,,,,,,Once or twice daily,Less than 5 hours,"Instagram,LinkedIn,YouTube,WhatsApp",,I have noticed advertisements but only glanced at them without engaging.,25-34,Female,,Student (full-time/part-time),,"$500 to $1,000",US,
2024-02-22 21:12:23,2024-02-22 21:14:28,IP Address,74.111.97.243,100,124,TRUE,2024-02-22 21:14:28,R_614kGagpObCwIAp,,,,,40.4324,-79.9247,anonymous,EN,8.761,8.761,12.346,1,Product,,,,,,,,,,,,,,,,,,,,,,,,,13.086,58.421,63.808,7,Detractor,2,Promoter,9,Passive,7,Passive,7,,,,,,,,,,,,,Once or twice daily,5 to 10 hours,"Instagram,YouTube",,"I have noticed advertisements and actively engaged with them (clicked on ads, made purchases, etc.).",25-34,Female,,Student (full-time/part-time),,Less than $500,US,
2024-02-22 21:11:40,2024-02-22 21:24:06,IP Address,98.239.202.159,100,745,TRUE,2024-02-22 21:24:06,R_17eOb5yZYhLDY7q,,,,,40.4965,-80.206,anonymous,EN,652.192,652.192,653.233,1,Neither,10.696,26.646,28.27,7,Detractor,0,Detractor,0,Detractor,0,Detractor,0,,,,,,,,,,,,,,,,,,,,,,,,,,,,,,,,,,,,,Regularly throughout the day,Less than 5 hours,"Instagram,Twitter,LinkedIn,WhatsApp",,I have noticed advertisements but only glanced at them without engaging.,25-34,Female,,Student (full-time/part-time),,"$500 to $1,000",US,
2024-02-24 01:59:11,2024-02-24 02:02:31,IP Address,69.250.20.238,100,200,TRUE,2024-02-24 02:02:32,R_3IEkXrz1EdgNX0Z,,,,,39.2891,-76.5583,anonymous,EN,13.419,13.419,14.214,1,Product,,,,,,,,,,,,,,,,,,,,,,,,,43.498,84.693,86.157,10,Passive,9,Passive,8,Promoter,9,Promoter,9,,,,,,,,,,,,,Regularly throughout the day,More than 20 hours,"Instagram,Other (please specify)",Little red book WeChat ,"I have noticed advertisements and actively engaged with them (clicked on ads, made purchases, etc.).",18-24,Female,,Student (full-time/part-time),,Less than $500,US,
2024-02-24 02:35:28,2024-02-24 02:37:42,IP Address,113.84.9.152,100,134,TRUE,2024-02-24 02:37:43,R_4D2fOn0AjjkAYRi,,,,,22.5559,114.0577,anonymous,EN,12.639,12.639,13.674,1,Product,,,,,,,,,,,,,,,,,,,,,,,,,,,,,,,,,,,,,9.157,20.739,21.233,9,Detractor,0,Detractor,5,Passive,7,Passive,7,Regularly throughout the day,11 to 20 hours,"Facebook,Twitter,YouTube,WhatsApp",,I have noticed advertisements but only glanced at them without engaging.,18-24,Male,,Student (full-time/part-time),,Less than $500,Non-US (please specify the country),HONG KONG
2024-02-24 02:44:13,2024-02-24 02:47:00,IP Address,36.43.17.239,100,166,TRUE,2024-02-24 02:47:01,R_5qkozv1XaGeieHi,,,,,34.3287,109.0337,anonymous,EN,1.431,19.33,20.989,2,Neither,,,,,,,,,,,,,,,,,,,,,,,,,0.118,10.339,11.178,9,Detractor,2,Detractor,0,Detractor,0,Detractor,0,,,,,,,,,,,,,Regularly throughout the day,11 to 20 hours,TikTok,,I have noticed advertisements but typically ignore them.,18-24,Male,,Unemployed,,Prefer not to say,Non-US (please specify the country),ä¸­å›½ðŸ‡¨ðŸ‡³
2024-02-24 03:36:03,2024-02-24 06:05:47,IP Address,14.0.165.53,100,8983,TRUE,2024-02-24 06:05:47,R_4jX4NBPsjwpTZRv,,,,,22.2908,114.1501,anonymous,EN,2.119,16.475,17.135,5,Neither,,,,,,,,,,,,,1.27,41.608,45.865,32,Detractor,0,Detractor,0,Detractor,0,Detractor,0,,,,,,,,,,,,,,,,,,,,,,,,,Regularly throughout the day,5 to 10 hours,"Instagram,Twitter,YouTube",,I have noticed advertisements but only glanced at them without engaging.,18-24,Male,,Working (full-time/part-time),,"$1,001 to $2,000",Non-US (please specify the country),
2024-02-24 14:09:21,2024-02-24 14:10:17,IP Address,174.167.121.79,100,56,TRUE,2024-02-24 14:10:18,R_7mw5JHth8qJIWpK,,,,,40.7182,-74.0476,anonymous,EN,6.265,6.265,7.327,1,Game,,,,,,,,,,,,,3.056,7.279,8.149,4,Passive,8,Passive,7,Detractor,6,Passive,8,,,,,,,,,,,,,,,,,,,,,,,,,Regularly throughout the day,More than 20 hours,"Instagram,TikTok",,I have noticed advertisements but typically ignore them.,18-24,Male,,Student (full-time/part-time),,"More than $5,000",Non-US (please specify the country),
2024-02-24 14:14:13,2024-02-24 14:16:26,IP Address,107.127.28.143,100,132,TRUE,2024-02-24 14:16:27,R_3VgdYmnCR39nd5C,,,,,38.9091,-77.0203,anonymous,EN,18.22,18.22,19.08,1,Both,0.516,43.918,44.605,14,Promoter,9,Detractor,6,Promoter,9,Detractor,5,,,,,,,,,,,,,,,,,,,,,,,,,,,,,,,,,,,,,Regularly throughout the day,11 to 20 hours,"Instagram,Snapchat,YouTube,Other (please specify)",wechat,I have noticed advertisements but only glanced at them without engaging.,18-24,Male,,Student (full-time/part-time),,Prefer not to say,US,
2024-02-24 14:46:32,2024-02-24 14:47:38,IP Address,107.77.212.77,100,65,TRUE,2024-02-24 14:47:39,R_1rMRzG8G0MiqeQE,,,,,37.7047,-122.1245,anonymous,EN,5.462,5.462,6.44,1,Game,8.845,13.052,13.874,7,Detractor,9,Detractor,5,Detractor,5,Detractor,5,,,,,,,,,,,,,,,,,,,,,,,,,,,,,,,,,,,,,Regularly throughout the day,Less than 5 hours,YouTube,,I have noticed advertisements but only glanced at them without engaging.,18-24,Male,,Student (full-time/part-time),,Less than $500,US,